id;дата;время;площадка;формат;статус;текст;медиа;комментарий
1006-tg-sait;2026-10-06;20:30;telegram;пост;черновик;"**«Здравствуйте, а до скольки вы работаете?»**

Если такое вам пишут каждый день — клиенту просто негде это посмотреть.

Он не хочет переписываться. Он хочет за минуту понять: что вы делаете, сколько это стоит и как записаться. Не понял — ушёл туда, где понятно.

Я делаю сайты, которые отвечают на эти вопросы за вас:

— одна страница, до 8 блоков
— 5 000 ₽ под ключ
— запуск за 3–5 дней
— открывается и с телефона, и с компьютера
— 2 круга правок включены
— оплата 50/50

На видео — мой сайт и работы: ремонт квартир в Новосибирске, студия красоты в Ярославле, салон красоты.

Хотите такой же — напишите мне:

Телеграм и MAX: 8 995 637-54-06
ВК: https://vk.ru/a.generalova95";media/2026-10-06/sait-5000.mp4;Первый пост: сайт за 5000
